timestamp_unix_ms,elapsed_s,cpu_percent,mem_rss_mb,num_threads
1778500182909,0.000,0.14,138.13,28
1778500183909,1.000,0.14,138.13,28
1778500184909,2.000,0.14,138.13,28
1778500185909,3.000,0.14,138.13,28
1778500186909,4.000,0.14,138.13,28
1778500187909,5.000,0.14,138.13,28
1778500188909,6.000,0.14,138.13,28
1778500189909,7.000,0.14,138.13,28
1778500190909,8.000,0.14,138.13,28
1778500191909,9.000,0.14,138.13,28
1778500192909,10.000,0.14,138.13,28
1778500193909,11.000,0.14,138.13,28
1778500194909,12.000,0.14,138.13,28
1778500195909,13.000,0.14,138.13,28
1778500196909,14.000,0.14,138.13,28
1778500197909,15.000,0.14,138.13,28
1778500198909,16.000,0.14,138.13,28
1778500199909,17.000,0.14,138.13,28
1778500200909,18.000,0.14,138.13,28
1778500201909,19.000,0.14,138.13,28
1778500202909,20.000,0.14,138.13,28
1778500203909,21.000,0.14,138.13,28
1778500204909,22.000,0.14,138.13,28
1778500205909,23.000,0.14,138.13,28
1778500206909,24.000,0.14,138.13,28
1778500207909,25.000,0.14,138.13,28
1778500208909,26.000,0.14,138.13,28
1778500209909,27.000,0.14,138.13,28
1778500210909,28.000,0.14,138.13,28
1778500211909,29.000,0.14,138.13,28
1778500212909,30.000,0.14,138.13,28
1778500213909,31.000,0.14,138.13,28
1778500214909,32.000,0.14,138.13,28
1778500215909,33.000,0.14,138.13,28
1778500216909,34.000,0.14,138.13,28
1778500217909,35.000,0.14,138.13,28
1778500218909,36.000,0.14,138.13,28
1778500219909,37.000,0.14,138.13,28
1778500220909,38.000,0.14,138.13,28
1778500221909,39.000,0.14,138.13,28
1778500222909,40.000,0.14,138.13,28
1778500223909,41.000,0.14,138.13,28
1778500224909,42.000,0.14,138.13,28
1778500225909,43.000,0.14,138.13,28
1778500226909,44.000,0.14,138.13,28
1778500227909,45.000,0.14,138.13,28
1778500228909,46.000,0.14,138.13,28
1778500229909,47.000,0.14,138.13,28
1778500230909,48.000,0.14,138.13,28
1778500231909,49.000,0.14,138.13,28
1778500232909,50.000,0.14,138.13,28
1778500233909,51.000,0.14,138.13,28
1778500234909,52.000,0.14,138.13,28
1778500235909,53.000,0.14,138.13,28
1778500236909,54.000,0.14,138.13,28
1778500237909,55.000,0.14,138.13,28
1778500238909,56.000,0.14,138.13,28
1778500239909,57.000,0.14,138.13,28
1778500240909,58.000,0.14,138.13,28
1778500241909,59.000,0.14,138.13,28
1778500242909,60.000,0.14,138.13,28
1778500243909,61.000,0.14,138.13,28
1778500244909,62.000,0.14,138.13,28
1778500245909,63.000,0.14,138.13,28
1778500246909,64.000,0.14,138.13,28
1778500247909,65.000,0.14,138.13,28
1778500248909,66.000,0.14,138.13,28
1778500249909,67.000,0.14,138.13,28
1778500250909,68.000,0.14,138.13,28
1778500251909,69.000,0.14,138.13,28
1778500252909,70.000,0.14,138.13,28
1778500253909,71.000,0.14,138.13,28
1778500254909,72.000,0.14,138.13,28
1778500255909,73.000,0.14,138.13,28
1778500256909,74.000,0.14,138.13,28
1778500257909,75.000,0.14,138.13,28
1778500258909,76.000,0.14,138.13,28
1778500259909,77.000,0.14,138.13,28
1778500260909,78.000,0.14,138.13,28
1778500261909,79.000,0.14,138.13,28
1778500262909,80.000,0.14,138.13,28
1778500263909,81.000,0.14,138.13,28
1778500264909,82.000,0.14,138.13,28
1778500265909,83.000,0.14,138.13,28
1778500266909,84.000,0.14,138.13,28
1778500267909,85.000,0.14,138.13,28
1778500268909,86.000,0.14,138.13,28
1778500269909,87.000,0.14,138.13,28
1778500270909,88.000,0.14,138.13,28
1778500271909,89.000,0.14,138.13,28
1778500272909,90.000,0.14,138.13,28
1778500273909,91.000,0.14,138.13,28
1778500274909,92.000,0.14,138.13,28
1778500275909,93.000,0.14,138.13,28
1778500276909,94.000,0.14,138.13,28
1778500277909,95.000,0.14,138.13,28
1778500278909,96.000,0.14,138.13,28
1778500279909,97.000,0.14,138.13,28
1778500280909,98.000,0.14,138.13,28
1778500281909,99.000,0.14,138.13,28
1778500282909,100.000,0.13,138.13,28
1778500283909,101.000,0.13,138.13,28
1778500284909,102.000,0.13,138.13,28
1778500285909,103.000,0.13,138.13,28
1778500286909,104.000,0.13,138.13,28
1778500287909,105.000,0.13,138.13,28
1778500288909,106.000,0.13,138.13,28
1778500289909,107.000,0.14,138.13,28
1778500290909,108.000,0.14,138.13,28
1778500291909,109.000,0.14,138.13,28
1778500292909,110.000,0.14,138.13,28
1778500293909,111.000,0.13,138.13,28
1778500294909,112.000,0.13,138.13,28
1778500295909,113.000,0.13,138.13,28
1778500296909,114.000,0.14,138.13,28
1778500297909,115.000,0.14,138.13,28
1778500298909,116.000,0.14,138.13,28
1778500299909,117.000,0.14,138.13,28
1778500300909,118.000,0.14,138.13,28
1778500301909,119.000,0.14,138.13,28
1778500302909,120.000,0.14,138.13,28
1778500303909,121.000,0.14,138.13,28
1778500304909,122.000,0.14,138.13,28
1778500305909,123.000,0.14,138.13,28
1778500306909,124.000,0.14,138.13,28
1778500307909,125.000,0.14,138.13,28
1778500308909,126.000,0.14,138.13,28
1778500309909,127.000,0.14,138.13,28
1778500310909,128.000,0.14,138.13,28
1778500311909,129.000,0.14,138.13,28
1778500312909,130.000,0.14,138.13,28
1778500313909,131.000,0.14,138.13,28
1778500314909,132.000,0.14,138.13,28
1778500315909,133.000,0.14,138.13,28
1778500316909,134.000,0.13,138.13,28
1778500317909,135.000,0.13,138.13,28
1778500318909,136.000,0.13,138.13,28
1778500319909,137.000,0.13,138.13,28
1778500320909,138.000,0.13,138.13,28
1778500321909,139.000,0.13,138.13,28
1778500322909,140.000,0.13,138.13,28
1778500323909,141.000,0.13,138.13,28
1778500324909,142.000,0.13,138.13,28
1778500325909,143.000,0.13,138.13,28
1778500326909,144.000,0.13,138.13,28
1778500327909,145.000,0.13,138.13,28
1778500328909,146.000,0.13,138.13,28
1778500329909,147.000,0.13,138.13,28
1778500330909,148.000,0.13,138.13,28
1778500331909,149.000,0.13,138.13,28
1778500332909,150.000,0.13,138.13,28
1778500333909,151.000,0.13,138.13,28
1778500334909,152.000,0.13,138.13,28
1778500335909,153.000,0.13,138.13,28
1778500336909,154.000,0.13,138.13,28
1778500337909,155.000,0.13,138.13,28
1778500338909,156.000,0.13,138.13,28
1778500339909,157.000,0.13,138.13,28
1778500340909,158.000,0.13,138.13,28
1778500341909,159.000,0.13,138.13,28
1778500342909,160.000,0.13,138.13,28
1778500343909,161.000,0.13,138.13,28
1778500344909,162.000,0.13,138.13,28
1778500345909,163.000,0.13,138.13,28
1778500346909,164.000,0.13,138.13,28
1778500347909,165.000,0.13,138.13,28
1778500348909,166.000,0.13,138.13,28
1778500349909,167.000,0.13,138.13,28
1778500350909,168.000,0.13,138.13,28
1778500351909,169.000,0.13,138.13,28
1778500352909,170.000,0.13,138.13,28
1778500353909,171.000,0.13,138.13,28
1778500354909,172.000,0.13,138.13,28
1778500355909,173.000,0.13,138.13,28
1778500356909,174.000,0.13,138.13,28
1778500357909,175.000,0.13,138.13,28
1778500358909,176.000,0.13,138.13,28
1778500359909,177.000,0.13,138.13,28
1778500360909,178.000,0.13,138.13,28
1778500361909,179.000,0.13,138.13,28
1778500362909,180.000,0.13,138.13,28
